{
  "width": 25,
  "height": 15,
  "seed": 1760188870728297527,
  "braid": 0.700000,
  "encoding": "walls_bitmask_N=1,E=2,S=4,W=8 (1= mur présent)",
  "grid": [
    [9, 5, 7, 9, 5, 5, 1, 5, 1, 1, 1, 5, 5, 1, 1, 3, 11, 9, 5, 5, 3, 13, 1, 1, 3],
    [8, 5, 5, 0, 7, 13, 0, 1, 6, 14, 8, 1, 3, 10, 8, 0, 2, 10, 11, 9, 0, 3, 10, 12, 2],
    [10, 9, 3, 8, 5, 3, 10, 10, 9, 3, 10, 12, 4, 2, 10, 14, 10, 8, 2, 8, 2, 8, 4, 5, 2],
    [8, 2, 8, 2, 9, 6, 8, 2, 14, 8, 0, 5, 3, 12, 0, 5, 4, 0, 6, 14, 10, 10, 9, 1, 6],
    [10, 12, 2, 8, 0, 5, 4, 4, 3, 14, 10, 11, 12, 3, 10, 9, 3, 10, 11, 9, 0, 6, 8, 0, 3],
    [8, 3, 8, 2, 12, 1, 5, 1, 0, 3, 10, 10, 9, 0, 6, 8, 2, 8, 4, 0, 6, 9, 0, 4, 6],
    [8, 2, 10, 12, 5, 4, 3, 14, 10, 8, 2, 10, 12, 0, 3, 10, 10, 10, 11, 12, 1, 2, 12, 3, 11],
    [10, 12, 4, 3, 9, 3, 12, 1, 2, 12, 4, 0, 7, 14, 12, 4, 4, 4, 2, 9, 2, 12, 5, 4, 6],
    [10, 9, 3, 10, 10, 10, 9, 0, 6, 9, 3, 8, 1, 1, 1, 1, 3, 9, 2, 12, 2, 9, 1, 1, 3],
    [12, 6, 10, 8, 6, 8, 2, 14, 9, 4, 4, 2, 10, 10, 14, 10, 12, 6, 10, 9, 0, 2, 12, 4, 2],
    [9, 7, 10, 8, 3, 12, 2, 9, 4, 1, 3, 8, 0, 6, 9, 2, 9, 5, 0, 6, 14, 12, 3, 9, 2],
    [8, 3, 14, 12, 4, 3, 8, 4, 3, 8, 6, 10, 12, 7, 14, 12, 6, 9, 2, 13, 1, 5, 4, 2, 10],
    [14, 8, 5, 5, 1, 4, 4, 3, 12, 6, 9, 0, 5, 3, 9, 3, 13, 6, 12, 7, 14, 9, 5, 2, 10],
    [9, 0, 3, 9, 6, 9, 1, 6, 13, 1, 4, 2, 13, 4, 6, 12, 1, 7, 9, 5, 1, 4, 3, 10, 14],
    [14, 14, 12, 4, 5, 4, 4, 5, 5, 4, 5, 4, 5, 5, 5, 5, 4, 5, 4, 5, 4, 5, 4, 4, 7]
  ],
  "cells": [
    {"x":0,"y":0,"walls":9,"open":{"N":false,"E":true,"S":true,"W":false},"deg":2},
    {"x":1,"y":0,"walls":5,"open":{"N":false,"E":true,"S":false,"W":true},"deg":2},
    {"x":2,"y":0,"walls":7,"open":{"N":false,"E":false,"S":false,"W":true},"deg":1},
    {"x":3,"y":0,"walls":9,"open":{"N":false,"E":true,"S":true,"W":false},"deg":2},
    {"x":4,"y":0,"walls":5,"open":{"N":false,"E":true,"S":false,"W":true},"deg":2},
    {"x":5,"y":0,"walls":5,"open":{"N":false,"E":true,"S":false,"W":true},"deg":2},
    {"x":6,"y":0,"walls":1,"open":{"N":false,"E":true,"S":true,"W":true},"deg":3},
    {"x":7,"y":0,"walls":5,"open":{"N":false,"E":true,"S":false,"W":true},"deg":2},
    {"x":8,"y":0,"walls":1,"open":{"N":false,"E":true,"S":true,"W":true},"deg":3},
    {"x":9,"y":0,"walls":1,"open":{"N":false,"E":true,"S":true,"W":true},"deg":3},
    {"x":10,"y":0,"walls":1,"open":{"N":false,"E":true,"S":true,"W":true},"deg":3},
    {"x":11,"y":0,"walls":5,"open":{"N":false,"E":true,"S":false,"W":true},"deg":2},
    {"x":12,"y":0,"walls":5,"open":{"N":false,"E":true,"S":false,"W":true},"deg":2},
    {"x":13,"y":0,"walls":1,"open":{"N":false,"E":true,"S":true,"W":true},"deg":3},
    {"x":14,"y":0,"walls":1,"open":{"N":false,"E":true,"S":true,"W":true},"deg":3},
    {"x":15,"y":0,"walls":3,"open":{"N":false,"E":false,"S":true,"W":true},"deg":2},
    {"x":16,"y":0,"walls":11,"open":{"N":false,"E":false,"S":true,"W":false},"deg":1},
    {"x":17,"y":0,"walls":9,"open":{"N":false,"E":true,"S":true,"W":false},"deg":2},
    {"x":18,"y":0,"walls":5,"open":{"N":false,"E":true,"S":false,"W":true},"deg":2},
    {"x":19,"y":0,"walls":5,"open":{"N":false,"E":true,"S":false,"W":true},"deg":2},
    {"x":20,"y":0,"walls":3,"open":{"N":false,"E":false,"S":true,"W":true},"deg":2},
    {"x":21,"y":0,"walls":13,"open":{"N":false,"E":true,"S":false,"W":false},"deg":1},
    {"x":22,"y":0,"walls":1,"open":{"N":false,"E":true,"S":true,"W":true},"deg":3},
    {"x":23,"y":0,"walls":1,"open":{"N":false,"E":true,"S":true,"W":true},"deg":3},
    {"x":24,"y":0,"walls":3,"open":{"N":false,"E":false,"S":true,"W":true},"deg":2},
    {"x":0,"y":1,"walls":8,"open":{"N":true,"E":true,"S":true,"W":false},"deg":3},
    {"x":1,"y":1,"walls":5,"open":{"N":false,"E":true,"S":false,"W":true},"deg":2},
    {"x":2,"y":1,"walls":5,"open":{"N":false,"E":true,"S":false,"W":true},"deg":2},
    {"x":3,"y":1,"walls":0,"open":{"N":true,"E":true,"S":true,"W":true},"deg":4},
    {"x":4,"y":1,"walls":7,"open":{"N":false,"E":false,"S":false,"W":true},"deg":1},
    {"x":5,"y":1,"walls":13,"open":{"N":false,"E":true,"S":false,"W":false},"deg":1},
    {"x":6,"y":1,"walls":0,"open":{"N":true,"E":true,"S":true,"W":true},"deg":4},
    {"x":7,"y":1,"walls":1,"open":{"N":false,"E":true,"S":true,"W":true},"deg":3},
    {"x":8,"y":1,"walls":6,"open":{"N":true,"E":false,"S":false,"W":true},"deg":2},
    {"x":9,"y":1,"walls":14,"open":{"N":true,"E":false,"S":false,"W":false},"deg":1},
    {"x":10,"y":1,"walls":8,"open":{"N":true,"E":true,"S":true,"W":false},"deg":3},
    {"x":11,"y":1,"walls":1,"open":{"N":false,"E":true,"S":true,"W":true},"deg":3},
    {"x":12,"y":1,"walls":3,"open":{"N":false,"E":false,"S":true,"W":true},"deg":2},
    {"x":13,"y":1,"walls":10,"open":{"N":true,"E":false,"S":true,"W":false},"deg":2},
    {"x":14,"y":1,"walls":8,"open":{"N":true,"E":true,"S":true,"W":false},"deg":3},
    {"x":15,"y":1,"walls":0,"open":{"N":true,"E":true,"S":true,"W":true},"deg":4},
    {"x":16,"y":1,"walls":2,"open":{"N":true,"E":false,"S":true,"W":true},"deg":3},
    {"x":17,"y":1,"walls":10,"open":{"N":true,"E":false,"S":true,"W":false},"deg":2},
    {"x":18,"y":1,"walls":11,"open":{"N":false,"E":false,"S":true,"W":false},"deg":1},
    {"x":19,"y":1,"walls":9,"open":{"N":false,"E":true,"S":true,"W":false},"deg":2},
    {"x":20,"y":1,"walls":0,"open":{"N":true,"E":true,"S":true,"W":true},"deg":4},
    {"x":21,"y":1,"walls":3,"open":{"N":false,"E":false,"S":true,"W":true},"deg":2},
    {"x":22,"y":1,"walls":10,"open":{"N":true,"E":false,"S":true,"W":false},"deg":2},
    {"x":23,"y":1,"walls":12,"open":{"N":true,"E":true,"S":false,"W":false},"deg":2},
    {"x":24,"y":1,"walls":2,"open":{"N":true,"E":false,"S":true,"W":true},"deg":3},
    {"x":0,"y":2,"walls":10,"open":{"N":true,"E":false,"S":true,"W":false},"deg":2},
    {"x":1,"y":2,"walls":9,"open":{"N":false,"E":true,"S":true,"W":false},"deg":2},
    {"x":2,"y":2,"walls":3,"open":{"N":false,"E":false,"S":true,"W":true},"deg":2},
    {"x":3,"y":2,"walls":8,"open":{"N":true,"E":true,"S":true,"W":false},"deg":3},
    {"x":4,"y":2,"walls":5,"open":{"N":false,"E":true,"S":false,"W":true},"deg":2},
    {"x":5,"y":2,"walls":3,"open":{"N":false,"E":false,"S":true,"W":true},"deg":2},
    {"x":6,"y":2,"walls":10,"open":{"N":true,"E":false,"S":true,"W":false},"deg":2},
    {"x":7,"y":2,"walls":10,"open":{"N":true,"E":false,"S":true,"W":false},"deg":2},
    {"x":8,"y":2,"walls":9,"open":{"N":false,"E":true,"S":true,"W":false},"deg":2},
    {"x":9,"y":2,"walls":3,"open":{"N":false,"E":false,"S":true,"W":true},"deg":2},
    {"x":10,"y":2,"walls":10,"open":{"N":true,"E":false,"S":true,"W":false},"deg":2},
    {"x":11,"y":2,"walls":12,"open":{"N":true,"E":true,"S":false,"W":false},"deg":2},
    {"x":12,"y":2,"walls":4,"open":{"N":true,"E":true,"S":false,"W":true},"deg":3},
    {"x":13,"y":2,"walls":2,"open":{"N":true,"E":false,"S":true,"W":true},"deg":3},
    {"x":14,"y":2,"walls":10,"open":{"N":true,"E":false,"S":true,"W":false},"deg":2},
    {"x":15,"y":2,"walls":14,"open":{"N":true,"E":false,"S":false,"W":false},"deg":1},
    {"x":16,"y":2,"walls":10,"open":{"N":true,"E":false,"S":true,"W":false},"deg":2},
    {"x":17,"y":2,"walls":8,"open":{"N":true,"E":true,"S":true,"W":false},"deg":3},
    {"x":18,"y":2,"walls":2,"open":{"N":true,"E":false,"S":true,"W":true},"deg":3},
    {"x":19,"y":2,"walls":8,"open":{"N":true,"E":true,"S":true,"W":false},"deg":3},
    {"x":20,"y":2,"walls":2,"open":{"N":true,"E":false,"S":true,"W":true},"deg":3},
    {"x":21,"y":2,"walls":8,"open":{"N":true,"E":true,"S":true,"W":false},"deg":3},
    {"x":22,"y":2,"walls":4,"open":{"N":true,"E":true,"S":false,"W":true},"deg":3},
    {"x":23,"y":2,"walls":5,"open":{"N":false,"E":true,"S":false,"W":true},"deg":2},
    {"x":24,"y":2,"walls":2,"open":{"N":true,"E":false,"S":true,"W":true},"deg":3},
    {"x":0,"y":3,"walls":8,"open":{"N":true,"E":true,"S":true,"W":false},"deg":3},
    {"x":1,"y":3,"walls":2,"open":{"N":true,"E":false,"S":true,"W":true},"deg":3},
    {"x":2,"y":3,"walls":8,"open":{"N":true,"E":true,"S":true,"W":false},"deg":3},
    {"x":3,"y":3,"walls":2,"open":{"N":true,"E":false,"S":true,"W":true},"deg":3},
    {"x":4,"y":3,"walls":9,"open":{"N":false,"E":true,"S":true,"W":false},"deg":2},
    {"x":5,"y":3,"walls":6,"open":{"N":true,"E":false,"S":false,"W":true},"deg":2},
    {"x":6,"y":3,"walls":8,"open":{"N":true,"E":true,"S":true,"W":false},"deg":3},
    {"x":7,"y":3,"walls":2,"open":{"N":true,"E":false,"S":true,"W":true},"deg":3},
    {"x":8,"y":3,"walls":14,"open":{"N":true,"E":false,"S":false,"W":false},"deg":1},
    {"x":9,"y":3,"walls":8,"open":{"N":true,"E":true,"S":true,"W":false},"deg":3},
    {"x":10,"y":3,"walls":0,"open":{"N":true,"E":true,"S":true,"W":true},"deg":4},
    {"x":11,"y":3,"walls":5,"open":{"N":false,"E":true,"S":false,"W":true},"deg":2},
    {"x":12,"y":3,"walls":3,"open":{"N":false,"E":false,"S":true,"W":true},"deg":2},
    {"x":13,"y":3,"walls":12,"open":{"N":true,"E":true,"S":false,"W":false},"deg":2},
    {"x":14,"y":3,"walls":0,"open":{"N":true,"E":true,"S":true,"W":true},"deg":4},
    {"x":15,"y":3,"walls":5,"open":{"N":false,"E":true,"S":false,"W":true},"deg":2},
    {"x":16,"y":3,"walls":4,"open":{"N":true,"E":true,"S":false,"W":true},"deg":3},
    {"x":17,"y":3,"walls":0,"open":{"N":true,"E":true,"S":true,"W":true},"deg":4},
    {"x":18,"y":3,"walls":6,"open":{"N":true,"E":false,"S":false,"W":true},"deg":2},
    {"x":19,"y":3,"walls":14,"open":{"N":true,"E":false,"S":false,"W":false},"deg":1},
    {"x":20,"y":3,"walls":10,"open":{"N":true,"E":false,"S":true,"W":false},"deg":2},
    {"x":21,"y":3,"walls":10,"open":{"N":true,"E":false,"S":true,"W":false},"deg":2},
    {"x":22,"y":3,"walls":9,"open":{"N":false,"E":true,"S":true,"W":false},"deg":2},
    {"x":23,"y":3,"walls":1,"open":{"N":false,"E":true,"S":true,"W":true},"deg":3},
    {"x":24,"y":3,"walls":6,"open":{"N":true,"E":false,"S":false,"W":true},"deg":2},
    {"x":0,"y":4,"walls":10,"open":{"N":true,"E":false,"S":true,"W":false},"deg":2},
    {"x":1,"y":4,"walls":12,"open":{"N":true,"E":true,"S":false,"W":false},"deg":2},
    {"x":2,"y":4,"walls":2,"open":{"N":true,"E":false,"S":true,"W":true},"deg":3},
    {"x":3,"y":4,"walls":8,"open":{"N":true,"E":true,"S":true,"W":false},"deg":3},
    {"x":4,"y":4,"walls":0,"open":{"N":true,"E":true,"S":true,"W":true},"deg":4},
    {"x":5,"y":4,"walls":5,"open":{"N":false,"E":true,"S":false,"W":true},"deg":2},
    {"x":6,"y":4,"walls":4,"open":{"N":true,"E":true,"S":false,"W":true},"deg":3},
    {"x":7,"y":4,"walls":4,"open":{"N":true,"E":true,"S":false,"W":true},"deg":3},
    {"x":8,"y":4,"walls":3,"open":{"N":false,"E":false,"S":true,"W":true},"deg":2},
    {"x":9,"y":4,"walls":14,"open":{"N":true,"E":false,"S":false,"W":false},"deg":1},
    {"x":10,"y":4,"walls":10,"open":{"N":true,"E":false,"S":true,"W":false},"deg":2},
    {"x":11,"y":4,"walls":11,"open":{"N":false,"E":false,"S":true,"W":false},"deg":1},
    {"x":12,"y":4,"walls":12,"open":{"N":true,"E":true,"S":false,"W":false},"deg":2},
    {"x":13,"y":4,"walls":3,"open":{"N":false,"E":false,"S":true,"W":true},"deg":2},
    {"x":14,"y":4,"walls":10,"open":{"N":true,"E":false,"S":true,"W":false},"deg":2},
    {"x":15,"y":4,"walls":9,"open":{"N":false,"E":true,"S":true,"W":false},"deg":2},
    {"x":16,"y":4,"walls":3,"open":{"N":false,"E":false,"S":true,"W":true},"deg":2},
    {"x":17,"y":4,"walls":10,"open":{"N":true,"E":false,"S":true,"W":false},"deg":2},
    {"x":18,"y":4,"walls":11,"open":{"N":false,"E":false,"S":true,"W":false},"deg":1},
    {"x":19,"y":4,"walls":9,"open":{"N":false,"E":true,"S":true,"W":false},"deg":2},
    {"x":20,"y":4,"walls":0,"open":{"N":true,"E":true,"S":true,"W":true},"deg":4},
    {"x":21,"y":4,"walls":6,"open":{"N":true,"E":false,"S":false,"W":true},"deg":2},
    {"x":22,"y":4,"walls":8,"open":{"N":true,"E":true,"S":true,"W":false},"deg":3},
    {"x":23,"y":4,"walls":0,"open":{"N":true,"E":true,"S":true,"W":true},"deg":4},
    {"x":24,"y":4,"walls":3,"open":{"N":false,"E":false,"S":true,"W":true},"deg":2},
    {"x":0,"y":5,"walls":8,"open":{"N":true,"E":true,"S":true,"W":false},"deg":3},
    {"x":1,"y":5,"walls":3,"open":{"N":false,"E":false,"S":true,"W":true},"deg":2},
    {"x":2,"y":5,"walls":8,"open":{"N":true,"E":true,"S":true,"W":false},"deg":3},
    {"x":3,"y":5,"walls":2,"open":{"N":true,"E":false,"S":true,"W":true},"deg":3},
    {"x":4,"y":5,"walls":12,"open":{"N":true,"E":true,"S":false,"W":false},"deg":2},
    {"x":5,"y":5,"walls":1,"open":{"N":false,"E":true,"S":true,"W":true},"deg":3},
    {"x":6,"y":5,"walls":5,"open":{"N":false,"E":true,"S":false,"W":true},"deg":2},
    {"x":7,"y":5,"walls":1,"open":{"N":false,"E":true,"S":true,"W":true},"deg":3},
    {"x":8,"y":5,"walls":0,"open":{"N":true,"E":true,"S":true,"W":true},"deg":4},
    {"x":9,"y":5,"walls":3,"open":{"N":false,"E":false,"S":true,"W":true},"deg":2},
    {"x":10,"y":5,"walls":10,"open":{"N":true,"E":false,"S":true,"W":false},"deg":2},
    {"x":11,"y":5,"walls":10,"open":{"N":true,"E":false,"S":true,"W":false},"deg":2},
    {"x":12,"y":5,"walls":9,"open":{"N":false,"E":true,"S":true,"W":false},"deg":2},
    {"x":13,"y":5,"walls":0,"open":{"N":true,"E":true,"S":true,"W":true},"deg":4},
    {"x":14,"y":5,"walls":6,"open":{"N":true,"E":false,"S":false,"W":true},"deg":2},
    {"x":15,"y":5,"walls":8,"open":{"N":true,"E":true,"S":true,"W":false},"deg":3},
    {"x":16,"y":5,"walls":2,"open":{"N":true,"E":false,"S":true,"W":true},"deg":3},
    {"x":17,"y":5,"walls":8,"open":{"N":true,"E":true,"S":true,"W":false},"deg":3},
    {"x":18,"y":5,"walls":4,"open":{"N":true,"E":true,"S":false,"W":true},"deg":3},
    {"x":19,"y":5,"walls":0,"open":{"N":true,"E":true,"S":true,"W":true},"deg":4},
    {"x":20,"y":5,"walls":6,"open":{"N":true,"E":false,"S":false,"W":true},"deg":2},
    {"x":21,"y":5,"walls":9,"open":{"N":false,"E":true,"S":true,"W":false},"deg":2},
    {"x":22,"y":5,"walls":0,"open":{"N":true,"E":true,"S":true,"W":true},"deg":4},
    {"x":23,"y":5,"walls":4,"open":{"N":true,"E":true,"S":false,"W":true},"deg":3},
    {"x":24,"y":5,"walls":6,"open":{"N":true,"E":false,"S":false,"W":true},"deg":2},
    {"x":0,"y":6,"walls":8,"open":{"N":true,"E":true,"S":true,"W":false},"deg":3},
    {"x":1,"y":6,"walls":2,"open":{"N":true,"E":false,"S":true,"W":true},"deg":3},
    {"x":2,"y":6,"walls":10,"open":{"N":true,"E":false,"S":true,"W":false},"deg":2},
    {"x":3,"y":6,"walls":12,"open":{"N":true,"E":true,"S":false,"W":false},"deg":2},
    {"x":4,"y":6,"walls":5,"open":{"N":false,"E":true,"S":false,"W":true},"deg":2},
    {"x":5,"y":6,"walls":4,"open":{"N":true,"E":true,"S":false,"W":true},"deg":3},
    {"x":6,"y":6,"walls":3,"open":{"N":false,"E":false,"S":true,"W":true},"deg":2},
    {"x":7,"y":6,"walls":14,"open":{"N":true,"E":false,"S":false,"W":false},"deg":1},
    {"x":8,"y":6,"walls":10,"open":{"N":true,"E":false,"S":true,"W":false},"deg":2},
    {"x":9,"y":6,"walls":8,"open":{"N":true,"E":true,"S":true,"W":false},"deg":3},
    {"x":10,"y":6,"walls":2,"open":{"N":true,"E":false,"S":true,"W":true},"deg":3},
    {"x":11,"y":6,"walls":10,"open":{"N":true,"E":false,"S":true,"W":false},"deg":2},
    {"x":12,"y":6,"walls":12,"open":{"N":true,"E":true,"S":false,"W":false},"deg":2},
    {"x":13,"y":6,"walls":0,"open":{"N":true,"E":true,"S":true,"W":true},"deg":4},
    {"x":14,"y":6,"walls":3,"open":{"N":false,"E":false,"S":true,"W":true},"deg":2},
    {"x":15,"y":6,"walls":10,"open":{"N":true,"E":false,"S":true,"W":false},"deg":2},
    {"x":16,"y":6,"walls":10,"open":{"N":true,"E":false,"S":true,"W":false},"deg":2},
    {"x":17,"y":6,"walls":10,"open":{"N":true,"E":false,"S":true,"W":false},"deg":2},
    {"x":18,"y":6,"walls":11,"open":{"N":false,"E":false,"S":true,"W":false},"deg":1},
    {"x":19,"y":6,"walls":12,"open":{"N":true,"E":true,"S":false,"W":false},"deg":2},
    {"x":20,"y":6,"walls":1,"open":{"N":false,"E":true,"S":true,"W":true},"deg":3},
    {"x":21,"y":6,"walls":2,"open":{"N":true,"E":false,"S":true,"W":true},"deg":3},
    {"x":22,"y":6,"walls":12,"open":{"N":true,"E":true,"S":false,"W":false},"deg":2},
    {"x":23,"y":6,"walls":3,"open":{"N":false,"E":false,"S":true,"W":true},"deg":2},
    {"x":24,"y":6,"walls":11,"open":{"N":false,"E":false,"S":true,"W":false},"deg":1},
    {"x":0,"y":7,"walls":10,"open":{"N":true,"E":false,"S":true,"W":false},"deg":2},
    {"x":1,"y":7,"walls":12,"open":{"N":true,"E":true,"S":false,"W":false},"deg":2},
    {"x":2,"y":7,"walls":4,"open":{"N":true,"E":true,"S":false,"W":true},"deg":3},
    {"x":3,"y":7,"walls":3,"open":{"N":false,"E":false,"S":true,"W":true},"deg":2},
    {"x":4,"y":7,"walls":9,"open":{"N":false,"E":true,"S":true,"W":false},"deg":2},
    {"x":5,"y":7,"walls":3,"open":{"N":false,"E":false,"S":true,"W":true},"deg":2},
    {"x":6,"y":7,"walls":12,"open":{"N":true,"E":true,"S":false,"W":false},"deg":2},
    {"x":7,"y":7,"walls":1,"open":{"N":false,"E":true,"S":true,"W":true},"deg":3},
    {"x":8,"y":7,"walls":2,"open":{"N":true,"E":false,"S":true,"W":true},"deg":3},
    {"x":9,"y":7,"walls":12,"open":{"N":true,"E":true,"S":false,"W":false},"deg":2},
    {"x":10,"y":7,"walls":4,"open":{"N":true,"E":true,"S":false,"W":true},"deg":3},
    {"x":11,"y":7,"walls":0,"open":{"N":true,"E":true,"S":true,"W":true},"deg":4},
    {"x":12,"y":7,"walls":7,"open":{"N":false,"E":false,"S":false,"W":true},"deg":1},
    {"x":13,"y":7,"walls":14,"open":{"N":true,"E":false,"S":false,"W":false},"deg":1},
    {"x":14,"y":7,"walls":12,"open":{"N":true,"E":true,"S":false,"W":false},"deg":2},
    {"x":15,"y":7,"walls":4,"open":{"N":true,"E":true,"S":false,"W":true},"deg":3},
    {"x":16,"y":7,"walls":4,"open":{"N":true,"E":true,"S":false,"W":true},"deg":3},
    {"x":17,"y":7,"walls":4,"open":{"N":true,"E":true,"S":false,"W":true},"deg":3},
    {"x":18,"y":7,"walls":2,"open":{"N":true,"E":false,"S":true,"W":true},"deg":3},
    {"x":19,"y":7,"walls":9,"open":{"N":false,"E":true,"S":true,"W":false},"deg":2},
    {"x":20,"y":7,"walls":2,"open":{"N":true,"E":false,"S":true,"W":true},"deg":3},
    {"x":21,"y":7,"walls":12,"open":{"N":true,"E":true,"S":false,"W":false},"deg":2},
    {"x":22,"y":7,"walls":5,"open":{"N":false,"E":true,"S":false,"W":true},"deg":2},
    {"x":23,"y":7,"walls":4,"open":{"N":true,"E":true,"S":false,"W":true},"deg":3},
    {"x":24,"y":7,"walls":6,"open":{"N":true,"E":false,"S":false,"W":true},"deg":2},
    {"x":0,"y":8,"walls":10,"open":{"N":true,"E":false,"S":true,"W":false},"deg":2},
    {"x":1,"y":8,"walls":9,"open":{"N":false,"E":true,"S":true,"W":false},"deg":2},
    {"x":2,"y":8,"walls":3,"open":{"N":false,"E":false,"S":true,"W":true},"deg":2},
    {"x":3,"y":8,"walls":10,"open":{"N":true,"E":false,"S":true,"W":false},"deg":2},
    {"x":4,"y":8,"walls":10,"open":{"N":true,"E":false,"S":true,"W":false},"deg":2},
    {"x":5,"y":8,"walls":10,"open":{"N":true,"E":false,"S":true,"W":false},"deg":2},
    {"x":6,"y":8,"walls":9,"open":{"N":false,"E":true,"S":true,"W":false},"deg":2},
    {"x":7,"y":8,"walls":0,"open":{"N":true,"E":true,"S":true,"W":true},"deg":4},
    {"x":8,"y":8,"walls":6,"open":{"N":true,"E":false,"S":false,"W":true},"deg":2},
    {"x":9,"y":8,"walls":9,"open":{"N":false,"E":true,"S":true,"W":false},"deg":2},
    {"x":10,"y":8,"walls":3,"open":{"N":false,"E":false,"S":true,"W":true},"deg":2},
    {"x":11,"y":8,"walls":8,"open":{"N":true,"E":true,"S":true,"W":false},"deg":3},
    {"x":12,"y":8,"walls":1,"open":{"N":false,"E":true,"S":true,"W":true},"deg":3},
    {"x":13,"y":8,"walls":1,"open":{"N":false,"E":true,"S":true,"W":true},"deg":3},
    {"x":14,"y":8,"walls":1,"open":{"N":false,"E":true,"S":true,"W":true},"deg":3},
    {"x":15,"y":8,"walls":1,"open":{"N":false,"E":true,"S":true,"W":true},"deg":3},
    {"x":16,"y":8,"walls":3,"open":{"N":false,"E":false,"S":true,"W":true},"deg":2},
    {"x":17,"y":8,"walls":9,"open":{"N":false,"E":true,"S":true,"W":false},"deg":2},
    {"x":18,"y":8,"walls":2,"open":{"N":true,"E":false,"S":true,"W":true},"deg":3},
    {"x":19,"y":8,"walls":12,"open":{"N":true,"E":true,"S":false,"W":false},"deg":2},
    {"x":20,"y":8,"walls":2,"open":{"N":true,"E":false,"S":true,"W":true},"deg":3},
    {"x":21,"y":8,"walls":9,"open":{"N":false,"E":true,"S":true,"W":false},"deg":2},
    {"x":22,"y":8,"walls":1,"open":{"N":false,"E":true,"S":true,"W":true},"deg":3},
    {"x":23,"y":8,"walls":1,"open":{"N":false,"E":true,"S":true,"W":true},"deg":3},
    {"x":24,"y":8,"walls":3,"open":{"N":false,"E":false,"S":true,"W":true},"deg":2},
    {"x":0,"y":9,"walls":12,"open":{"N":true,"E":true,"S":false,"W":false},"deg":2},
    {"x":1,"y":9,"walls":6,"open":{"N":true,"E":false,"S":false,"W":true},"deg":2},
    {"x":2,"y":9,"walls":10,"open":{"N":true,"E":false,"S":true,"W":false},"deg":2},
    {"x":3,"y":9,"walls":8,"open":{"N":true,"E":true,"S":true,"W":false},"deg":3},
    {"x":4,"y":9,"walls":6,"open":{"N":true,"E":false,"S":false,"W":true},"deg":2},
    {"x":5,"y":9,"walls":8,"open":{"N":true,"E":true,"S":true,"W":false},"deg":3},
    {"x":6,"y":9,"walls":2,"open":{"N":true,"E":false,"S":true,"W":true},"deg":3},
    {"x":7,"y":9,"walls":14,"open":{"N":true,"E":false,"S":false,"W":false},"deg":1},
    {"x":8,"y":9,"walls":9,"open":{"N":false,"E":true,"S":true,"W":false},"deg":2},
    {"x":9,"y":9,"walls":4,"open":{"N":true,"E":true,"S":false,"W":true},"deg":3},
    {"x":10,"y":9,"walls":4,"open":{"N":true,"E":true,"S":false,"W":true},"deg":3},
    {"x":11,"y":9,"walls":2,"open":{"N":true,"E":false,"S":true,"W":true},"deg":3},
    {"x":12,"y":9,"walls":10,"open":{"N":true,"E":false,"S":true,"W":false},"deg":2},
    {"x":13,"y":9,"walls":10,"open":{"N":true,"E":false,"S":true,"W":false},"deg":2},
    {"x":14,"y":9,"walls":14,"open":{"N":true,"E":false,"S":false,"W":false},"deg":1},
    {"x":15,"y":9,"walls":10,"open":{"N":true,"E":false,"S":true,"W":false},"deg":2},
    {"x":16,"y":9,"walls":12,"open":{"N":true,"E":true,"S":false,"W":false},"deg":2},
    {"x":17,"y":9,"walls":6,"open":{"N":true,"E":false,"S":false,"W":true},"deg":2},
    {"x":18,"y":9,"walls":10,"open":{"N":true,"E":false,"S":true,"W":false},"deg":2},
    {"x":19,"y":9,"walls":9,"open":{"N":false,"E":true,"S":true,"W":false},"deg":2},
    {"x":20,"y":9,"walls":0,"open":{"N":true,"E":true,"S":true,"W":true},"deg":4},
    {"x":21,"y":9,"walls":2,"open":{"N":true,"E":false,"S":true,"W":true},"deg":3},
    {"x":22,"y":9,"walls":12,"open":{"N":true,"E":true,"S":false,"W":false},"deg":2},
    {"x":23,"y":9,"walls":4,"open":{"N":true,"E":true,"S":false,"W":true},"deg":3},
    {"x":24,"y":9,"walls":2,"open":{"N":true,"E":false,"S":true,"W":true},"deg":3},
    {"x":0,"y":10,"walls":9,"open":{"N":false,"E":true,"S":true,"W":false},"deg":2},
    {"x":1,"y":10,"walls":7,"open":{"N":false,"E":false,"S":false,"W":true},"deg":1},
    {"x":2,"y":10,"walls":10,"open":{"N":true,"E":false,"S":true,"W":false},"deg":2},
    {"x":3,"y":10,"walls":8,"open":{"N":true,"E":true,"S":true,"W":false},"deg":3},
    {"x":4,"y":10,"walls":3,"open":{"N":false,"E":false,"S":true,"W":true},"deg":2},
    {"x":5,"y":10,"walls":12,"open":{"N":true,"E":true,"S":false,"W":false},"deg":2},
    {"x":6,"y":10,"walls":2,"open":{"N":true,"E":false,"S":true,"W":true},"deg":3},
    {"x":7,"y":10,"walls":9,"open":{"N":false,"E":true,"S":true,"W":false},"deg":2},
    {"x":8,"y":10,"walls":4,"open":{"N":true,"E":true,"S":false,"W":true},"deg":3},
    {"x":9,"y":10,"walls":1,"open":{"N":false,"E":true,"S":true,"W":true},"deg":3},
    {"x":10,"y":10,"walls":3,"open":{"N":false,"E":false,"S":true,"W":true},"deg":2},
    {"x":11,"y":10,"walls":8,"open":{"N":true,"E":true,"S":true,"W":false},"deg":3},
    {"x":12,"y":10,"walls":0,"open":{"N":true,"E":true,"S":true,"W":true},"deg":4},
    {"x":13,"y":10,"walls":6,"open":{"N":true,"E":false,"S":false,"W":true},"deg":2},
    {"x":14,"y":10,"walls":9,"open":{"N":false,"E":true,"S":true,"W":false},"deg":2},
    {"x":15,"y":10,"walls":2,"open":{"N":true,"E":false,"S":true,"W":true},"deg":3},
    {"x":16,"y":10,"walls":9,"open":{"N":false,"E":true,"S":true,"W":false},"deg":2},
    {"x":17,"y":10,"walls":5,"open":{"N":false,"E":true,"S":false,"W":true},"deg":2},
    {"x":18,"y":10,"walls":0,"open":{"N":true,"E":true,"S":true,"W":true},"deg":4},
    {"x":19,"y":10,"walls":6,"open":{"N":true,"E":false,"S":false,"W":true},"deg":2},
    {"x":20,"y":10,"walls":14,"open":{"N":true,"E":false,"S":false,"W":false},"deg":1},
    {"x":21,"y":10,"walls":12,"open":{"N":true,"E":true,"S":false,"W":false},"deg":2},
    {"x":22,"y":10,"walls":3,"open":{"N":false,"E":false,"S":true,"W":true},"deg":2},
    {"x":23,"y":10,"walls":9,"open":{"N":false,"E":true,"S":true,"W":false},"deg":2},
    {"x":24,"y":10,"walls":2,"open":{"N":true,"E":false,"S":true,"W":true},"deg":3},
    {"x":0,"y":11,"walls":8,"open":{"N":true,"E":true,"S":true,"W":false},"deg":3},
    {"x":1,"y":11,"walls":3,"open":{"N":false,"E":false,"S":true,"W":true},"deg":2},
    {"x":2,"y":11,"walls":14,"open":{"N":true,"E":false,"S":false,"W":false},"deg":1},
    {"x":3,"y":11,"walls":12,"open":{"N":true,"E":true,"S":false,"W":false},"deg":2},
    {"x":4,"y":11,"walls":4,"open":{"N":true,"E":true,"S":false,"W":true},"deg":3},
    {"x":5,"y":11,"walls":3,"open":{"N":false,"E":false,"S":true,"W":true},"deg":2},
    {"x":6,"y":11,"walls":8,"open":{"N":true,"E":true,"S":true,"W":false},"deg":3},
    {"x":7,"y":11,"walls":4,"open":{"N":true,"E":true,"S":false,"W":true},"deg":3},
    {"x":8,"y":11,"walls":3,"open":{"N":false,"E":false,"S":true,"W":true},"deg":2},
    {"x":9,"y":11,"walls":8,"open":{"N":true,"E":true,"S":true,"W":false},"deg":3},
    {"x":10,"y":11,"walls":6,"open":{"N":true,"E":false,"S":false,"W":true},"deg":2},
    {"x":11,"y":11,"walls":10,"open":{"N":true,"E":false,"S":true,"W":false},"deg":2},
    {"x":12,"y":11,"walls":12,"open":{"N":true,"E":true,"S":false,"W":false},"deg":2},
    {"x":13,"y":11,"walls":7,"open":{"N":false,"E":false,"S":false,"W":true},"deg":1},
    {"x":14,"y":11,"walls":14,"open":{"N":true,"E":false,"S":false,"W":false},"deg":1},
    {"x":15,"y":11,"walls":12,"open":{"N":true,"E":true,"S":false,"W":false},"deg":2},
    {"x":16,"y":11,"walls":6,"open":{"N":true,"E":false,"S":false,"W":true},"deg":2},
    {"x":17,"y":11,"walls":9,"open":{"N":false,"E":true,"S":true,"W":false},"deg":2},
    {"x":18,"y":11,"walls":2,"open":{"N":true,"E":false,"S":true,"W":true},"deg":3},
    {"x":19,"y":11,"walls":13,"open":{"N":false,"E":true,"S":false,"W":false},"deg":1},
    {"x":20,"y":11,"walls":1,"open":{"N":false,"E":true,"S":true,"W":true},"deg":3},
    {"x":21,"y":11,"walls":5,"open":{"N":false,"E":true,"S":false,"W":true},"deg":2},
    {"x":22,"y":11,"walls":4,"open":{"N":true,"E":true,"S":false,"W":true},"deg":3},
    {"x":23,"y":11,"walls":2,"open":{"N":true,"E":false,"S":true,"W":true},"deg":3},
    {"x":24,"y":11,"walls":10,"open":{"N":true,"E":false,"S":true,"W":false},"deg":2},
    {"x":0,"y":12,"walls":14,"open":{"N":true,"E":false,"S":false,"W":false},"deg":1},
    {"x":1,"y":12,"walls":8,"open":{"N":true,"E":true,"S":true,"W":false},"deg":3},
    {"x":2,"y":12,"walls":5,"open":{"N":false,"E":true,"S":false,"W":true},"deg":2},
    {"x":3,"y":12,"walls":5,"open":{"N":false,"E":true,"S":false,"W":true},"deg":2},
    {"x":4,"y":12,"walls":1,"open":{"N":false,"E":true,"S":true,"W":true},"deg":3},
    {"x":5,"y":12,"walls":4,"open":{"N":true,"E":true,"S":false,"W":true},"deg":3},
    {"x":6,"y":12,"walls":4,"open":{"N":true,"E":true,"S":false,"W":true},"deg":3},
    {"x":7,"y":12,"walls":3,"open":{"N":false,"E":false,"S":true,"W":true},"deg":2},
    {"x":8,"y":12,"walls":12,"open":{"N":true,"E":true,"S":false,"W":false},"deg":2},
    {"x":9,"y":12,"walls":6,"open":{"N":true,"E":false,"S":false,"W":true},"deg":2},
    {"x":10,"y":12,"walls":9,"open":{"N":false,"E":true,"S":true,"W":false},"deg":2},
    {"x":11,"y":12,"walls":0,"open":{"N":true,"E":true,"S":true,"W":true},"deg":4},
    {"x":12,"y":12,"walls":5,"open":{"N":false,"E":true,"S":false,"W":true},"deg":2},
    {"x":13,"y":12,"walls":3,"open":{"N":false,"E":false,"S":true,"W":true},"deg":2},
    {"x":14,"y":12,"walls":9,"open":{"N":false,"E":true,"S":true,"W":false},"deg":2},
    {"x":15,"y":12,"walls":3,"open":{"N":false,"E":false,"S":true,"W":true},"deg":2},
    {"x":16,"y":12,"walls":13,"open":{"N":false,"E":true,"S":false,"W":false},"deg":1},
    {"x":17,"y":12,"walls":6,"open":{"N":true,"E":false,"S":false,"W":true},"deg":2},
    {"x":18,"y":12,"walls":12,"open":{"N":true,"E":true,"S":false,"W":false},"deg":2},
    {"x":19,"y":12,"walls":7,"open":{"N":false,"E":false,"S":false,"W":true},"deg":1},
    {"x":20,"y":12,"walls":14,"open":{"N":true,"E":false,"S":false,"W":false},"deg":1},
    {"x":21,"y":12,"walls":9,"open":{"N":false,"E":true,"S":true,"W":false},"deg":2},
    {"x":22,"y":12,"walls":5,"open":{"N":false,"E":true,"S":false,"W":true},"deg":2},
    {"x":23,"y":12,"walls":2,"open":{"N":true,"E":false,"S":true,"W":true},"deg":3},
    {"x":24,"y":12,"walls":10,"open":{"N":true,"E":false,"S":true,"W":false},"deg":2},
    {"x":0,"y":13,"walls":9,"open":{"N":false,"E":true,"S":true,"W":false},"deg":2},
    {"x":1,"y":13,"walls":0,"open":{"N":true,"E":true,"S":true,"W":true},"deg":4},
    {"x":2,"y":13,"walls":3,"open":{"N":false,"E":false,"S":true,"W":true},"deg":2},
    {"x":3,"y":13,"walls":9,"open":{"N":false,"E":true,"S":true,"W":false},"deg":2},
    {"x":4,"y":13,"walls":6,"open":{"N":true,"E":false,"S":false,"W":true},"deg":2},
    {"x":5,"y":13,"walls":9,"open":{"N":false,"E":true,"S":true,"W":false},"deg":2},
    {"x":6,"y":13,"walls":1,"open":{"N":false,"E":true,"S":true,"W":true},"deg":3},
    {"x":7,"y":13,"walls":6,"open":{"N":true,"E":false,"S":false,"W":true},"deg":2},
    {"x":8,"y":13,"walls":13,"open":{"N":false,"E":true,"S":false,"W":false},"deg":1},
    {"x":9,"y":13,"walls":1,"open":{"N":false,"E":true,"S":true,"W":true},"deg":3},
    {"x":10,"y":13,"walls":4,"open":{"N":true,"E":true,"S":false,"W":true},"deg":3},
    {"x":11,"y":13,"walls":2,"open":{"N":true,"E":false,"S":true,"W":true},"deg":3},
    {"x":12,"y":13,"walls":13,"open":{"N":false,"E":true,"S":false,"W":false},"deg":1},
    {"x":13,"y":13,"walls":4,"open":{"N":true,"E":true,"S":false,"W":true},"deg":3},
    {"x":14,"y":13,"walls":6,"open":{"N":true,"E":false,"S":false,"W":true},"deg":2},
    {"x":15,"y":13,"walls":12,"open":{"N":true,"E":true,"S":false,"W":false},"deg":2},
    {"x":16,"y":13,"walls":1,"open":{"N":false,"E":true,"S":true,"W":true},"deg":3},
    {"x":17,"y":13,"walls":7,"open":{"N":false,"E":false,"S":false,"W":true},"deg":1},
    {"x":18,"y":13,"walls":9,"open":{"N":false,"E":true,"S":true,"W":false},"deg":2},
    {"x":19,"y":13,"walls":5,"open":{"N":false,"E":true,"S":false,"W":true},"deg":2},
    {"x":20,"y":13,"walls":1,"open":{"N":false,"E":true,"S":true,"W":true},"deg":3},
    {"x":21,"y":13,"walls":4,"open":{"N":true,"E":true,"S":false,"W":true},"deg":3},
    {"x":22,"y":13,"walls":3,"open":{"N":false,"E":false,"S":true,"W":true},"deg":2},
    {"x":23,"y":13,"walls":10,"open":{"N":true,"E":false,"S":true,"W":false},"deg":2},
    {"x":24,"y":13,"walls":14,"open":{"N":true,"E":false,"S":false,"W":false},"deg":1},
    {"x":0,"y":14,"walls":14,"open":{"N":true,"E":false,"S":false,"W":false},"deg":1},
    {"x":1,"y":14,"walls":14,"open":{"N":true,"E":false,"S":false,"W":false},"deg":1},
    {"x":2,"y":14,"walls":12,"open":{"N":true,"E":true,"S":false,"W":false},"deg":2},
    {"x":3,"y":14,"walls":4,"open":{"N":true,"E":true,"S":false,"W":true},"deg":3},
    {"x":4,"y":14,"walls":5,"open":{"N":false,"E":true,"S":false,"W":true},"deg":2},
    {"x":5,"y":14,"walls":4,"open":{"N":true,"E":true,"S":false,"W":true},"deg":3},
    {"x":6,"y":14,"walls":4,"open":{"N":true,"E":true,"S":false,"W":true},"deg":3},
    {"x":7,"y":14,"walls":5,"open":{"N":false,"E":true,"S":false,"W":true},"deg":2},
    {"x":8,"y":14,"walls":5,"open":{"N":false,"E":true,"S":false,"W":true},"deg":2},
    {"x":9,"y":14,"walls":4,"open":{"N":true,"E":true,"S":false,"W":true},"deg":3},
    {"x":10,"y":14,"walls":5,"open":{"N":false,"E":true,"S":false,"W":true},"deg":2},
    {"x":11,"y":14,"walls":4,"open":{"N":true,"E":true,"S":false,"W":true},"deg":3},
    {"x":12,"y":14,"walls":5,"open":{"N":false,"E":true,"S":false,"W":true},"deg":2},
    {"x":13,"y":14,"walls":5,"open":{"N":false,"E":true,"S":false,"W":true},"deg":2},
    {"x":14,"y":14,"walls":5,"open":{"N":false,"E":true,"S":false,"W":true},"deg":2},
    {"x":15,"y":14,"walls":5,"open":{"N":false,"E":true,"S":false,"W":true},"deg":2},
    {"x":16,"y":14,"walls":4,"open":{"N":true,"E":true,"S":false,"W":true},"deg":3},
    {"x":17,"y":14,"walls":5,"open":{"N":false,"E":true,"S":false,"W":true},"deg":2},
    {"x":18,"y":14,"walls":4,"open":{"N":true,"E":true,"S":false,"W":true},"deg":3},
    {"x":19,"y":14,"walls":5,"open":{"N":false,"E":true,"S":false,"W":true},"deg":2},
    {"x":20,"y":14,"walls":4,"open":{"N":true,"E":true,"S":false,"W":true},"deg":3},
    {"x":21,"y":14,"walls":5,"open":{"N":false,"E":true,"S":false,"W":true},"deg":2},
    {"x":22,"y":14,"walls":4,"open":{"N":true,"E":true,"S":false,"W":true},"deg":3},
    {"x":23,"y":14,"walls":4,"open":{"N":true,"E":true,"S":false,"W":true},"deg":3},
    {"x":24,"y":14,"walls":7,"open":{"N":false,"E":false,"S":false,"W":true},"deg":1}
  ],
  "dead_ends": [
    {"x":2,"y":0},
    {"x":16,"y":0},
    {"x":21,"y":0},
    {"x":4,"y":1},
    {"x":5,"y":1},
    {"x":9,"y":1},
    {"x":18,"y":1},
    {"x":15,"y":2},
    {"x":8,"y":3},
    {"x":19,"y":3},
    {"x":9,"y":4},
    {"x":11,"y":4},
    {"x":18,"y":4},
    {"x":7,"y":6},
    {"x":18,"y":6},
    {"x":24,"y":6},
    {"x":12,"y":7},
    {"x":13,"y":7},
    {"x":7,"y":9},
    {"x":14,"y":9},
    {"x":1,"y":10},
    {"x":20,"y":10},
    {"x":2,"y":11},
    {"x":13,"y":11},
    {"x":14,"y":11},
    {"x":19,"y":11},
    {"x":0,"y":12},
    {"x":16,"y":12},
    {"x":19,"y":12},
    {"x":20,"y":12},
    {"x":8,"y":13},
    {"x":12,"y":13},
    {"x":17,"y":13},
    {"x":24,"y":13},
    {"x":0,"y":14},
    {"x":1,"y":14},
    {"x":24,"y":14}
  ]
}
